QD,fuse_cpu,fio_cpu,min(us),max(us),avg(us),stdev(us),cpu_usr(%),cpu_sys(%),cpu_ctx,cpu_majf,cpu_minf
8,m,m,7.0,503.0,48.34,4.47,16.23,83.71,14.0,0.0,11.0
7,m,m,11.3,94.358,42.43215,3.85388,17.64,82.36,20.0,0.0,10.0
6,m,m,6.0,108.0,37.04,2.14,13.63,86.19,18.0,0.0,10.0
5,m,m,13.217,78.459,30.89308,2.24197,14.38,85.62,31.0,0.0,8.0
4,m,m,8.282,71.322,24.27676,1.38479,16.01,83.99,36.0,0.0,9.0
3,m,m,7.855,66.959,18.32504,1.34942,15.1,84.84,393.0,0.0,8.0
2,m,m,6.0,191.0,16.42,5.34,10.78,81.58,56347.0,0.0,9.0
1,m,m,10.0,566.0,21.19,2.94,8.03,55.9,262135.0,0.0,10.0
